states,cities,population,violent_crime,murder,rape,robbery,agrv_assault,prop_crime,burglary,larceny,vehicle_theft,safety_index
Pennsylvania,"Abington Township, Montgomery County","55,731",197.4,1.8,14.4,70.0,111.2,1979.1,296.1,1650.8,32.3,431.19000000000005
Oregon,Albany,"51,084",86.1,0.0,19.6,45.0,21.5,3092.9,438.5,2470.4,184.0,622.5900000000001
Louisiana,Alexandria,"48,449",1682.2,18.6,28.9,293.1,1341.6,7492.4,2010.4,5102.3,379.8,1778.28
California,Aliso Viejo,"48,999",87.8,0.0,0.0,12.2,75.5,847.0,208.2,612.3,26.5,188.38
Florida,Altamonte Springs,"42,296",335.7,2.4,21.3,82.8,229.3,3057.0,427.9,2463.6,165.5,653.135
Pennsylvania,Altoona,"46,404",351.3,4.3,66.8,69.0,211.2,1946.0,487.0,1381.3,77.6,447.79499999999996
Iowa,Ames,"59,271",131.6,0.0,54.0,11.8,65.8,2453.1,491.0,1909.9,52.3,523.7950000000001
Indiana,Anderson,"56,132",481.0,1.8,96.2,133.6,249.4,5095.1,1142.0,3584.4,368.8,1081.48
Iowa,Ankeny,"46,482",73.1,0.0,17.2,15.1,40.9,1385.5,305.5,1039.1,40.9,295.605
Florida,Apopka,"43,046",339.2,2.3,30.2,137.1,169.6,3057.2,648.1,2269.7,139.4,665.45
Minnesota,Apple Valley,"49,827",223.05,4.0,19.05,32.1,36.1,2239.7,218.8,1968.8,52.2,462.2
California,Arcadia,"57,295",99.5,0.0,1.7,38.4,59.3,2422.5,591.7,1701.7,129.2,507.63000000000005
Massachusetts,Arlington,"43,675",116.8,0.0,6.9,20.6,89.3,1179.2,229.0,925.0,25.2,259.655
Massachusetts,Attleboro,"44,033",322.5,0.0,43.1,52.2,227.1,2411.8,556.4,1710.1,145.3,531.9799999999999
Alabama,Auburn,"54,785",240.9,5.5,23.7,45.6,166.1,3502.8,763.0,2646.7,93.1,757.415
California,Azusa,"47,111",467.0,2.1,12.7,87.0,365.1,2555.7,649.5,1564.4,341.7,557.3900000000001
Massachusetts,Barnstable,"45,570",621.0,2.2,48.3,63.6,506.9,2784.7,829.5,1858.7,96.6,671.5000000000001
Illinois,Bartlett,"41,477",74.7,0.0,9.6,21.7,43.4,764.3,69.9,670.3,24.1,162.38000000000002
Tennessee,Bartlett,"55,510",237.8,0.0,12.6,34.2,191.0,1401.5,225.2,1124.1,52.2,317.06
Ohio,Beavercreek,"45,563",54.9,0.0,13.2,28.5,13.2,2355.0,250.2,2074.1,30.7,485.055
Texas,Bedford,"48,763",293.3,2.1,20.5,59.5,211.2,2729.5,578.3,1993.3,157.9,591.125
California,Bell Gardens,"42,769",292.3,7.0,4.7,156.7,123.9,1702.2,259.5,720.1,722.5,280.795
Nebraska,Bellevue,"51,678",106.4,1.9,38.7,25.2,40.6,2209.8,299.9,1722.2,187.7,441.56500000000005
Illinois,Berwyn,"56,933",198.5,1.8,35.1,77.3,84.3,2513.5,764.1,1566.8,182.7,537.675
Massachusetts,Beverly,"40,150",206.7,0.0,19.9,32.4,154.4,1569.1,288.9,1252.8,27.4,352.545
Massachusetts,Billerica,"41,016",136.5,2.4,24.4,17.1,92.6,1141.0,217.0,868.0,56.1,249.05500000000004
Mississippi,Biloxi,"45,037",417.4,2.2,66.6,188.7,159.9,5033.6,1625.3,3153.0,255.3,1099.535
New York,Binghamton,"47,250",666.7,6.3,31.7,171.4,457.1,4943.9,1181.0,3665.6,97.4,1123.06
Virginia,Blacksburg,"43,070",90.6,0.0,27.9,25.5,37.1,1102.9,185.7,875.3,41.8,234.48
Minnesota,Blaine,"57,953",223.05,0.0,19.05,19.0,50.0,3316.5,345.1,2874.7,96.6,677.35
Michigan,Bloomfield Township,"41,367",53.2,2.4,4.8,9.7,36.3,1092.7,256.2,795.3,41.1,232.42000000000002
New Jersey,Bloomfield,"47,620",264.6,2.1,2.1,153.3,107.1,2286.9,552.3,1373.4,361.2,462.735
Missouri,Blue Springs,"52,848",242.2,7.6,22.7,37.8,174.1,3343.6,492.0,2607.5,244.1,690.0100000000001
Ohio,Boardman,"40,608",105.9,2.5,14.8,76.3,12.3,4181.4,672.3,3376.2,133.0,861.295
Utah,Bountiful,"43,888",84.3,2.3,38.7,4.6,38.7,2141.8,325.8,1704.3,111.6,438.37
Maryland,Bowie,"55,765",141.7,1.8,0.0,68.1,71.7,1624.7,313.8,1215.8,95.0,344.195
Kentucky,Bowling Green,"59,043",320.1,6.8,61.0,127.0,125.3,5123.4,926.4,3932.7,264.2,1069.965
Florida,Bradenton,"50,878",670.2,7.9,45.2,184.8,432.4,3982.1,1004.4,2830.3,147.4,913.575
California,Brea,"40,253",183.8,0.0,5.0,57.1,121.7,3209.7,474.5,2613.5,121.7,671.8750000000001
California,Brentwood,"52,811",187.5,1.9,7.6,79.5,98.5,2243.9,454.5,1581.1,208.3,464.03000000000003
New Jersey,Bridgewater Township,"44,884",29.0,0.0,8.9,11.1,8.9,1459.3,189.4,1236.5,33.4,299.65500000000003
Pennsylvania,Bristol Township,"54,796",204.4,0.0,16.4,133.2,54.7,3146.2,662.5,2292.1,191.6,656.7900000000001
Massachusetts,Brookline,"59,658",137.5,0.0,6.7,52.0,78.8,1346.0,248.1,1067.8,30.2,294.78499999999997
Colorado,Broomfield,"58,145",51.6,1.7,12.0,10.3,27.5,2086.2,154.8,1850.5,80.8,419.45000000000005
Arizona,Buckeye,"52,213",103.4,5.7,1.9,21.1,74.7,2627.7,716.3,1769.7,141.7,554.46
Illinois,Buffalo Grove,"41,687",12.0,0.0,0.0,7.2,4.8,892.4,88.8,798.8,4.8,183.64
Arizona,Bullhead City,"40,277",213.5,12.4,0.0,64.6,136.6,4037.0,819.3,2967.0,250.8,839.5749999999999
North Carolina,Burlington,"51,430",789.4,3.9,33.1,204.2,548.3,5428.7,1304.7,3884.9,239.2,1221.6750000000002
Idaho,Caldwell,"47,223",256.2,2.1,14.8,14.8,224.5,2437.4,563.3,1772.4,101.6,537.335
California,Campbell,"40,339",223.1,0.0,44.6,79.3,99.2,4087.9,919.7,2734.3,433.8,825.7450000000001
Illinois,Carol Stream,"40,008",90.0,0.0,7.5,15.0,67.5,1199.8,175.0,987.3,37.5,255.46
Arizona,Casa Grande,"50,132",420.9,6.0,8.0,91.8,315.2,5699.0,1530.0,3857.8,311.2,1227.78
Wyoming,Casper,"56,801",151.4,5.3,3.5,21.1,121.5,3464.7,639.1,2642.6,183.1,718.93
Colorado,Castle Rock,"50,038",89.9,2.0,24.0,14.0,50.0,1331.0,203.8,1075.2,52.0,280.19000000000005
California,Cathedral City,"52,867",385.9,3.8,18.9,128.6,234.6,2981.1,1184.1,1235.2,561.8,621.6650000000001
Texas,Cedar Hill,"46,633",227.3,0.0,23.6,81.5,122.2,3529.7,787.0,2560.4,182.3,746.7850000000001
Texas,Cedar Park,"52,051",209.4,0.0,21.1,17.3,171.0,1469.7,178.7,1254.5,36.5,326.89
California,Ceres,"46,167",396.4,0.0,32.5,119.1,244.8,4202.1,853.4,2566.8,781.9,817.6850000000001
California,Cerritos,"49,856",240.7,0.0,14.0,134.4,92.3,3750.8,884.5,2513.2,353.0,770.1
North Carolina,Chapel Hill,"58,586",148.5,3.4,17.1,51.2,76.8,2548.4,771.5,1654.0,122.9,548.6800000000001
Virginia,Charlottesville,"43,991",450.1,4.5,38.6,113.7,293.2,3414.3,368.3,2832.4,213.7,729.125
Michigan,Chesterfield Township,"43,474",278.3,0.0,16.1,32.2,230.0,2044.9,296.7,1640.1,108.1,446.92999999999995
Missouri,Chesterfield,"47,560",48.4,0.0,4.2,14.7,29.4,1587.5,143.0,1402.4,42.1,324.63500000000005
Massachusetts,Chicopee,"55,825",462.2,0.0,48.4,129.0,284.8,3007.6,1135.7,1657.0,215.0,686.5350000000001
Ohio,Cleveland Heights,"45,761",367.1,0.0,21.9,240.4,104.9,3601.3,666.5,2768.7,166.1,770.635
Tennessee,Cleveland,"42,068",881.9,0.0,68.9,92.7,720.3,5289.1,946.1,4162.3,180.7,1202.2250000000001
California,Coachella,"42,034",630.4,11.9,21.4,159.4,437.7,3680.4,1008.7,1855.6,816.0,749.615
Florida,Coconut Creek,"54,651",195.8,1.8,18.3,58.6,117.1,2967.9,494.0,2314.7,159.2,619.9250000000001
Idaho,Coeur d'Alene,"45,267",574.4,0.0,57.4,30.9,486.0,4369.6,952.1,3081.7,335.8,952.885
Ohio,Colerain Township,"58,345",27.4,0.0,0.0,0.0,27.4,2668.6,270.8,2396.1,1.7,551.115
Tennessee,Collierville,"44,690",172.3,0.0,11.2,15.7,145.4,1984.8,181.2,1761.0,42.5,424.12500000000006
California,Colton,"53,431",353.7,0.0,18.7,157.2,177.8,3569.1,984.4,1922.1,662.5,707.905
Indiana,Columbus,"44,817",185.2,2.2,26.8,49.1,107.1,4931.2,584.6,3944.9,401.6,979.195
Colorado,Commerce City,"47,590",357.2,14.7,56.7,35.7,250.1,2983.8,619.9,2103.4,260.6,637.645
New Hampshire,Concord,"42,815",214.9,0.0,51.4,44.4,119.1,2970.9,425.1,2482.8,63.1,633.4350000000001
Texas,Conroe,"59,856",369.2,3.3,21.7,123.6,220.5,3443.3,746.8,2507.7,188.8,745.78
Texas,Coppell,"40,053",67.4,0.0,7.5,10.0,49.9,1655.3,322.1,1295.8,37.5,350.795
Florida,Coral Gables,"48,435",163.1,6.2,8.3,45.4,103.2,4701.1,844.4,3627.5,229.2,969.84
Oregon,Corvallis,"55,062",121.7,1.8,20.0,27.2,72.6,2575.3,426.8,2094.0,54.5,544.105
California,Covina,"48,588",310.8,4.1,26.8,113.2,166.7,3398.0,808.8,2202.2,386.9,701.605
Illinois,Crystal Lake,"40,785",152.0,0.0,17.2,24.5,110.3,1971.3,149.6,1782.5,39.2,416.575
California,Cupertino,"59,769",97.0,0.0,10.0,38.5,48.5,1333.5,292.8,952.0,88.7,280.16
Florida,Cutler Bay,"41,799",296.7,2.4,12.0,83.7,198.6,4440.3,574.2,3638.8,227.3,922.3950000000001
Ohio,Cuyahoga Falls,"49,470",131.4,0.0,34.4,26.3,70.7,2575.3,464.9,1989.1,121.3,536.7850000000001
California,Cypress,"48,976",114.3,0.0,4.1,34.7,75.5,2078.6,373.7,1574.2,130.7,430.00500000000005
California,Danville,"43,121",37.1,0.0,0.0,4.6,32.5,1025.0,218.0,767.6,39.4,215.32500000000002
Virginia,Danville,"43,324",311.6,6.9,34.6,124.6,145.4,4487.1,974.1,3409.2,103.9,969.3250000000002
Illinois,De Kalb,"43,722",448.3,0.0,77.8,64.0,306.5,2982.5,478.0,2449.6,54.9,672.32
Michigan,Dearborn Heights,"57,228",337.2,5.2,26.2,75.1,230.7,2201.7,655.3,1163.8,382.7,461.23499999999996
Alabama,Decatur,"56,126",427.6,3.6,16.0,142.5,265.5,5190.1,1462.8,3499.3,228.1,1133.18
California,Delano,"54,318",504.4,0.0,11.0,97.6,395.8,2645.5,1003.4,1016.2,625.9,555.6149999999999
Illinois,Des Plaines,"58,644",110.8,0.0,6.8,22.2,81.8,1604.6,233.6,1290.8,80.1,335.735
Texas,Desoto,"50,795",259.9,2.0,21.7,84.7,151.6,3508.2,1224.5,2051.4,232.3,761.7
California,Diamond Bar,"56,470",97.4,0.0,1.8,30.1,65.5,1685.9,626.9,929.7,129.3,362.14500000000004
Florida,Doral,"47,427",177.1,0.0,10.5,33.7,132.8,4982.4,493.4,4151.6,337.4,994.8800000000002
Illinois,Downers Grove,"48,185",60.2,0.0,8.3,24.9,27.0,2062.9,325.8,1699.7,37.4,430.63000000000005
Utah,Draper,"43,600",98.6,2.3,13.8,9.2,73.4,1986.2,350.9,1552.8,82.6,416.07
California,Dublin,"47,004",178.7,0.0,8.5,42.5,127.6,1555.2,329.8,1110.5,114.9,334.535
Ohio,Dublin,"42,343",35.4,2.4,2.4,18.9,11.8,1284.7,226.7,1036.8,21.3,269.36
Iowa,Dubuque,"58,460",219.0,3.4,34.2,37.6,143.7,2592.0,478.0,1984.3,78.7,549.54
Georgia,Dunwoody,"47,308",95.1,2.1,8.5,59.2,25.4,4073.3,572.8,3263.7,236.7,818.6700000000001
New Jersey,East Brunswick Township,"48,009",52.1,0.0,0.0,22.9,29.2,1789.2,258.3,1491.4,39.6,371.50500000000005
Connecticut,East Hartford,"51,431",373.3,3.9,50.6,161.4,157.5,3058.5,703.9,2000.7,353.9,639.2200000000001
Michigan,East Lansing,"48,701",238.2,0.0,34.9,39.0,164.3,2039.0,441.5,1427.1,170.4,436.35
Rhode Island,East Providence,"46,994",151.1,4.3,27.7,29.8,89.4,1774.7,306.4,1342.7,125.5,371.22
California,Eastvale,"55,439",74.0,0.0,1.8,27.1,45.1,1816.4,461.8,1156.2,198.4,366.26500000000004
Minnesota,Edina,"48,932",223.05,0.0,19.05,10.2,16.3,1780.0,228.9,1514.3,36.8,367.295
Washington,Edmonds,"40,609",140.4,2.5,9.9,49.3,78.8,2472.4,640.3,1709.0,123.1,526.145
New Jersey,Egg Harbor Township,"43,501",227.6,0.0,6.9,55.2,165.5,1963.2,446.0,1443.6,73.6,434.935
California,El Centro,"43,643",380.4,4.6,16.0,91.7,268.1,5675.6,1681.8,3602.0,391.8,1212.115
Illinois,Elmhurst,"44,460",72.0,0.0,11.2,36.0,24.7,1399.0,251.9,1086.4,60.7,291.7150000000001
Connecticut,Enfield,"44,806",67.0,0.0,0.0,26.8,40.2,1830.1,441.9,1319.0,69.2,386.445
Oklahoma,Enid,"49,755",329.6,4.0,56.3,42.2,227.1,3975.5,976.8,2817.8,180.9,861.32
Texas,Euless,"53,228",178.5,0.0,18.8,71.4,88.3,2983.4,608.7,2109.8,264.9,609.6450000000001
Massachusetts,Everett,"42,476",400.2,4.7,25.9,155.4,214.2,2321.3,586.2,1417.3,317.8,496.865
New Jersey,Evesham Township,"45,849",65.4,0.0,4.4,17.4,43.6,1491.9,248.6,1223.6,19.6,316.57000000000005
Ohio,Fairfield,"42,727",341.7,9.4,16.4,65.5,250.4,3131.5,454.0,2579.2,98.3,681.415
New Mexico,Farmington,"45,328",1061.2,8.8,178.7,86.0,787.6,4116.7,732.4,3154.8,229.4,971.46
Massachusetts,Fitchburg,"40,809",781.7,2.5,51.5,115.2,612.6,2661.2,752.3,1798.6,110.3,662.245
Missouri,Florissant,"52,243",151.2,0.0,5.7,55.5,90.0,2239.5,467.0,1506.4,266.1,450.95500000000004
Wisconsin,Fond du Lac,"43,319",422.4,0.0,80.8,25.4,316.3,2793.2,272.4,2440.0,80.8,618.2049999999999
Florida,Fort Pierce,"42,566",1108.9,7.0,72.8,321.9,707.1,5462.1,1656.3,3589.7,216.1,1289.405
California,Fountain Valley,"56,674",187.0,1.8,12.4,30.0,142.9,2592.0,527.6,1875.6,188.8,542.4050000000001
New York,Freeport Village,"43,248",483.3,11.6,9.2,249.7,212.7,2023.2,490.2,1396.6,136.4,468.22499999999997
Texas,Galveston,"49,170",602.0,4.1,75.2,240.0,282.7,5021.4,1051.5,3644.5,325.4,1082.585
California,Gardena,"59,802",479.9,0.0,21.7,279.3,178.9,2209.0,496.6,1197.3,515.0,446.295
Texas,Georgetown,"50,304",131.2,0.0,27.8,9.9,93.4,1828.9,292.2,1500.9,35.8,392.8
California,Gilroy,"50,042",317.7,6.0,14.0,135.9,161.9,3573.0,677.4,2432.0,463.6,719.1049999999999
California,Glendora,"50,903",115.9,0.0,15.7,53.0,47.1,2540.1,396.8,1999.9,143.4,520.285
Illinois,Glenview,"44,909",86.8,0.0,20.0,15.6,51.2,1066.6,256.1,788.3,22.3,234.04000000000002
North Dakota,Grand Forks,"53,839",271.2,0.0,44.6,42.7,183.9,2617.1,423.5,2026.4,167.2,555.83
Nebraska,Grand Island,"49,583",326.7,0.0,80.7,42.4,203.7,4648.8,740.2,3749.3,159.3,985.7400000000001
Colorado,Grand Junction,"59,516",423.4,3.4,87.4,48.7,284.0,4592.0,517.5,3856.1,218.4,968.235
Texas,Grapevine,"48,095",147.6,2.1,27.0,27.0,91.5,2782.0,341.0,2287.1,153.9,569.8050000000001
Montana,Great Falls,"59,360",254.4,1.7,16.8,42.1,193.7,4696.8,539.1,3938.7,219.0,968.6650000000001
New York,Greenburgh Town,"43,409",112.9,0.0,0.0,36.9,76.0,1359.2,152.0,1128.8,78.3,282.76500000000004
Indiana,Greenwood,"51,746",369.1,1.9,5.8,36.7,324.7,3495.9,400.0,2981.9,114.0,755.32
New Jersey,Hackensack,"43,499",223.05,0.0,9.2,78.2,129.35,2020.7,246.0,1616.1,158.6,420.7925
Maryland,Hagerstown,"40,275",489.1,7.4,27.3,186.2,268.2,3615.1,769.7,2532.6,312.8,777.275
Texas,Haltom City,"44,024",240.8,0.0,15.9,61.3,163.5,3302.7,1013.1,2001.2,288.5,700.185
New York,Hamburg Town,"45,166",77.5,0.0,6.6,13.3,57.6,2847.3,418.5,2351.3,77.5,589.3900000000001
California,Hanford,"54,787",564.0,3.7,43.8,107.7,408.9,3123.0,615.1,2146.5,361.4,678.1850000000001
Pennsylvania,Harrisburg,"49,753",1461.2,22.1,112.6,779.9,546.7,4876.1,1232.1,3326.4,317.6,1163.755
Virginia,Harrisonburg,"50,524",217.7,2.0,27.7,49.5,138.5,2111.9,300.8,1757.6,53.4,458.185
Mississippi,Hattiesburg,"46,726",252.5,10.7,27.8,141.2,72.8,5709.9,802.6,4671.9,235.4,1176.225
Pennsylvania,Haverford Township,"48,599",51.4,0.0,0.0,16.5,35.0,1189.3,148.2,1012.4,28.8,247.87
New York,Hempstead Village,"54,380",853.3,16.6,16.6,380.7,439.5,1824.2,399.0,1169.5,255.6,454.57499999999993
Tennessee,Hendersonville,"52,781",240.6,0.0,11.4,24.6,204.6,1782.8,267.1,1462.6,53.0,396.23499999999996
North Carolina,Hickory,"40,361",656.6,7.4,54.5,200.7,393.9,6541.0,1176.9,4962.7,401.4,1392.55
California,Highland,"54,403",544.1,7.4,9.2,169.1,358.4,2970.4,1156.2,1266.5,547.8,642.4399999999999
New Jersey,Hoboken,"50,794",295.3,0.0,21.7,84.7,189.0,1958.9,297.3,1462.8,198.8,415.815
Illinois,Hoffman Estates,"52,148",126.6,0.0,24.9,49.9,51.8,1361.5,247.4,1073.9,40.3,293.895
Massachusetts,Holyoke,"40,260",948.8,0.0,82.0,216.1,650.8,6232.0,1102.8,4855.9,273.2,1387.97
New Jersey,Howell Township,"51,379",79.8,0.0,1.9,17.5,60.3,1241.8,332.8,885.6,23.4,272.475
North Carolina,Huntersville,"48,524",175.2,0.0,12.4,41.2,121.6,2165.9,375.1,1739.3,51.5,467.81
California,Huntington Park,"59,079",631.4,6.8,15.2,411.3,198.0,3244.8,407.9,1723.1,1113.8,575.655
Kansas,Hutchinson,"42,357",618.6,2.4,61.4,56.7,498.1,5947.1,1185.2,4469.2,292.7,1291.66
Idaho,Idaho Falls,"58,037",239.5,0.0,44.8,22.4,172.3,2937.8,475.6,2345.1,117.2,626.345
New York,Irondequoit Town,"52,045",151.8,1.9,7.7,71.1,71.1,3137.7,637.9,2397.9,101.8,662.975
New Jersey,Irvington,"54,274",1304.5,16.6,36.9,597.0,654.1,3624.2,1037.3,1468.5,1118.4,772.9399999999999
New Jersey,Jackson Township,"55,400",223.05,0.0,10.8,16.2,129.35,1355.6,514.4,817.7,23.5,315.4175
Missouri,Jefferson City,"43,413",601.2,4.6,27.6,89.8,479.1,3653.3,541.3,3019.8,92.1,828.1850000000001
Indiana,Jeffersonville,"45,640",955.3,4.4,4.4,78.9,867.7,4263.8,898.3,3054.3,311.1,990.135
Missouri,Joplin,"50,654",568.6,3.9,53.3,138.2,373.1,7576.9,1289.1,5764.6,523.2,1577.055
Florida,Jupiter,"56,674",202.9,0.0,19.4,65.3,118.2,2110.3,414.7,1619.8,75.9,457.63000000000005
New Jersey,Kearny,"41,310",242.1,0.0,7.3,128.3,106.5,2147.2,297.7,1532.3,317.1,426.275
Texas,Keller,"41,137",36.5,0.0,4.9,9.7,21.9,943.2,175.0,736.6,31.6,197.39500000000004
Ohio,Kettering,"56,423",88.6,0.0,39.0,35.4,14.2,2288.1,561.8,1657.1,69.1,484.895
Tennessee,Kingsport,"49,639",739.3,4.0,62.5,100.7,572.1,5942.9,868.3,4808.7,265.9,1294.845
Washington,Kirkland,"50,243",183.1,0.0,27.9,47.8,107.5,3292.0,656.8,2462.0,173.2,688.955
Indiana,Kokomo,"45,636",387.9,8.8,32.9,133.7,212.6,4069.2,1012.4,2835.5,221.3,881.135
Wisconsin,La Crosse,"51,851",297.0,7.7,40.5,73.3,175.5,3768.5,779.2,2894.8,94.5,817.3450000000001
California,La Mesa,"58,444",383.3,3.4,18.8,150.6,210.5,2963.5,600.6,2019.0,343.9,620.1700000000001
California,La Mirada,"49,312",198.7,4.1,8.1,40.6,146.0,1573.7,344.7,1020.0,208.9,328.005
California,La Puente,"40,479",298.9,7.4,14.8,103.8,172.9,1287.1,271.7,625.0,390.3,251.34499999999997
Washington,Lacey,"43,540",176.8,9.2,13.8,20.7,133.2,3362.4,542.0,2650.4,170.0,698.8900000000001
California,Lake Elsinore,"53,912",241.1,3.7,5.6,105.7,126.1,3583.6,996.1,2116.4,471.1,726.4599999999999
Arizona,Lake Havasu City,"53,513",108.4,3.7,18.7,13.1,72.9,2534.0,478.4,1891.1,164.4,520.71
Minnesota,Lakeville,"56,805",223.05,0.0,19.05,1.8,15.8,1330.9,216.5,1091.5,22.9,278.025
Ohio,Lakewood,"51,721",123.7,5.8,5.8,65.7,46.4,1981.8,471.8,1314.7,195.3,405.635
Washington,Lakewood,"59,416",782.6,1.7,65.6,181.8,533.5,4869.1,1203.4,3298.8,366.9,1083.9750000000001
Virginia,Leesburg,"44,889",160.4,2.2,24.5,40.1,93.6,2169.8,102.5,2020.5,46.8,452.895
Utah,Lehi,"49,375",36.5,0.0,8.1,6.1,22.3,1322.5,255.2,1008.6,58.7,273.22
Kansas,Lenexa,"49,222",117.8,2.0,18.3,10.2,87.4,1917.8,188.9,1529.8,199.1,379.4
Massachusetts,Leominster,"41,262",656.8,0.0,31.5,109.1,516.2,3189.4,647.1,2423.5,118.8,743.9050000000001
California,Lincoln,"44,378",31.5,0.0,2.3,11.3,18.0,1140.2,457.4,570.1,112.7,238.065
New Jersey,Linden,"40,926",320.1,2.4,12.2,136.8,168.6,2372.6,395.8,1683.5,293.2,490.86000000000007
Colorado,Littleton,"43,229",129.5,9.3,46.3,34.7,39.3,2887.0,592.2,2107.4,187.4,594.2900000000001
Utah,Logan,"49,672",64.4,0.0,2.0,6.0,56.4,2107.8,414.7,1620.6,72.5,440.68
Illinois,Lombard,"43,482",124.2,2.3,4.6,41.4,75.9,2626.4,271.4,2318.2,36.8,549.66
California,Lompoc,"43,120",514.8,7.0,37.1,62.6,408.2,2704.1,723.6,1825.1,155.4,625.9399999999999
Pennsylvania,Lower Merion Township,"58,252",80.7,0.0,3.4,54.9,22.3,1775.0,329.6,1404.2,41.2,374.475
Pennsylvania,Lower Paxton Township,"47,578",239.6,0.0,25.2,94.6,119.8,2194.3,346.8,1811.8,35.7,480.795
Alabama,Madison,"43,860",205.2,0.0,9.1,45.6,150.5,2435.0,499.3,1835.4,100.3,524.965
New Jersey,Manchester Township,"43,491",46.0,0.0,0.0,2.3,43.7,1050.8,457.6,586.3,6.9,238.79
Connecticut,Manchester,"58,444",189.9,1.7,20.5,78.7,89.0,3074.7,492.8,2424.5,157.4,639.495
Ohio,Mansfield,"47,480",374.9,2.1,56.9,195.9,120.1,6750.2,2139.8,4431.3,179.0,1473.7700000000002
Texas,Mansfield,"58,490",126.5,3.4,39.3,37.6,46.2,1566.1,288.9,1196.8,80.4,330.735
Florida,Margate,"55,010",261.8,5.5,10.9,76.3,169.1,2023.3,561.7,1350.7,110.9,451.02000000000004
Arizona,Maricopa,"44,881",129.2,2.2,20.1,26.7,80.2,1880.5,345.4,1412.6,122.5,392.03499999999997
Georgia,Marietta,"57,969",817.7,1.7,20.7,227.7,567.5,4395.5,855.6,3217.2,322.6,983.69
New Jersey,Marlboro Township,"40,430",42.0,0.0,2.5,12.4,27.2,794.0,207.8,561.5,24.7,171.05500000000004
Ohio,Mentor,"47,123",112.5,0.0,31.8,57.3,23.3,2599.6,218.6,2308.9,72.2,532.445
Mississippi,Meridian,"41,347",565.9,24.2,79.8,299.9,162.0,5173.3,1775.2,2965.1,432.9,1124.365
Massachusetts,Methuen,"48,051",162.3,0.0,2.1,29.1,131.1,1810.6,295.5,1369.4,145.7,377.8250000000001
Ohio,"Miami Township, Clermont County","41,213",34.0,2.4,7.3,9.7,14.6,1916.9,308.2,1589.3,19.4,400.13000000000005
Pennsylvania,Middletown Township,"45,614",85.5,0.0,4.4,41.7,39.5,3494.5,510.8,2876.3,107.4,718.8650000000001
Connecticut,Middletown,"47,878",150.4,2.1,2.1,52.2,94.0,1879.8,325.8,1380.6,173.4,386.08500000000004
Ohio,Middletown,"48,959",733.3,2.0,63.3,167.5,500.4,8225.2,2318.3,5702.7,204.3,1828.7699999999998
Michigan,Midland,"42,106",90.2,2.4,35.6,11.9,40.4,1085.4,133.0,950.0,2.4,234.54000000000002
Oklahoma,Midwest City,"55,768",529.0,10.8,64.6,82.5,371.2,5347.2,1409.4,3507.4,430.4,1147.3600000000001
Connecticut,Milford,"52,817",87.1,0.0,3.8,62.5,20.8,3002.8,284.0,2595.8,123.1,606.065
Pennsylvania,"Millcreek Township, Erie County","53,615",93.3,3.7,11.2,41.0,37.3,2038.6,544.6,1438.0,56.0,437.92
Minnesota,Minnetonka,"50,758",223.05,0.0,19.05,9.9,29.6,1647.0,364.5,1239.2,43.3,348.4650000000001
North Dakota,Minot,"43,460",232.4,0.0,46.0,13.8,172.6,1755.6,179.5,1392.1,184.1,364.37
Indiana,Mishawaka,"48,363",330.8,6.2,45.5,113.7,165.4,5783.3,1035.9,4420.7,326.7,1201.1100000000001
Illinois,Moline,"43,509",404.5,0.0,36.8,52.9,314.9,3112.0,468.9,2516.7,126.4,683.09
Louisiana,Monroe,"49,474",990.4,10.1,36.4,276.9,667.0,7630.3,2368.9,5103.7,157.7,1753.7450000000001
Oklahoma,Moore,"56,661",135.9,1.8,8.8,35.3,90.0,4205.7,875.4,3002.1,328.3,853.8649999999999
New Jersey,Mount Laurel Township,"42,150",78.3,0.0,7.1,42.7,28.5,1686.8,320.3,1309.6,56.9,354.095
Illinois,Mount Prospect,"54,428",58.8,0.0,0.0,11.0,47.8,1368.8,152.5,1161.2,55.1,281.39
California,National City,"59,920",619.2,6.7,30.0,275.4,307.1,3109.1,610.8,1819.1,679.2,628.09
New Jersey,New Brunswick,"55,717",685.6,14.4,43.1,387.7,240.5,2711.9,999.7,1563.3,149.0,651.3500000000001
California,Newark,"43,539",388.2,2.3,32.2,158.5,195.2,3098.4,895.7,1862.7,339.9,662.1550000000001
Ohio,Newark,"47,787",144.4,0.0,41.9,67.0,35.6,4796.3,1048.4,3567.9,180.0,1000.9100000000001
New York,Niagara Falls,"50,356",1229.2,6.0,51.6,339.6,832.1,5884.1,1489.4,4136.5,258.2,1377.3950000000002
Illinois,Normal,"52,797",215.9,0.0,36.0,64.4,115.5,2473.6,501.9,1924.4,47.4,540.09
New Jersey,North Brunswick Township,"41,163",123.9,0.0,4.9,63.2,55.9,1771.0,532.0,1161.2,77.7,384.32
Florida,North Lauderdale,"42,352",453.3,7.1,33.1,158.2,255.0,2802.7,935.0,1700.0,167.6,640.5749999999999
Florida,North Miami Beach,"43,084",647.6,4.6,62.7,301.7,278.5,4614.2,1629.4,2699.4,285.5,1040.41
Florida,North Port,"58,568",222.0,3.4,34.1,20.5,163.9,1833.8,474.7,1314.7,44.4,414.39
Connecticut,Norwich,"40,517",244.3,2.5,44.4,86.4,111.1,2376.8,676.3,1577.1,123.4,520.785
California,Novato,"52,942",181.3,0.0,9.4,49.1,122.8,1805.7,455.2,1178.6,171.9,382.385
Michigan,Novi,"55,623",66.5,0.0,7.2,16.2,43.1,1884.1,129.4,1684.6,70.1,381.58000000000004
Illinois,Oak Lawn,"56,964",144.0,0.0,15.8,54.4,73.7,1996.0,198.4,1702.8,94.8,412.975
Florida,Oakland Park,"42,701",784.5,0.0,37.5,316.2,430.9,5290.3,1637.0,3377.0,276.3,1198.4700000000003
Florida,Ocala,"57,288",654.6,10.5,73.3,160.6,410.2,5406.0,1057.8,4243.5,104.7,1204.8799999999999
Washington,Olympia,"47,729",314.3,10.5,94.3,77.5,132.0,4368.4,980.5,3151.1,236.8,925.7400000000001
Illinois,Orland Park,"57,043",28.0,1.8,1.8,7.0,17.5,2382.4,78.9,2275.5,28.0,480.0
Arizona,Oro Valley,"41,786",50.3,2.4,9.6,7.2,31.1,1624.9,227.3,1323.4,74.2,331.92
Kentucky,Owensboro,"57,751",216.4,0.0,48.5,77.9,90.0,4360.1,812.1,3338.5,209.5,907.34
Florida,Palm Beach Gardens,"49,679",151.0,0.0,22.1,60.4,68.4,3188.5,487.1,2598.7,102.7,665.16
California,Palm Desert,"50,021",207.9,0.0,12.0,98.0,98.0,4642.1,1453.4,2952.8,235.9,991.4050000000001
California,Palm Springs,"45,996",656.6,6.5,39.1,226.1,384.8,4852.6,1919.7,2417.6,515.3,1074.425
California,Paramount,"54,997",443.7,5.5,12.7,234.6,190.9,2792.9,494.6,1472.8,825.5,513.675
Colorado,Parker,"47,004",125.5,0.0,23.4,6.4,95.7,955.2,219.1,691.4,44.7,212.625
New Jersey,Parsippany-Troy Hills Township,"53,793",72.5,3.7,9.3,26.0,33.5,922.1,254.7,611.6,55.8,197.895
Massachusetts,Peabody,"52,113",232.2,0.0,21.1,23.0,188.1,2114.6,297.4,1713.6,103.6,454.87500000000006
Pennsylvania,Penn Hills,"42,488",308.3,11.8,14.1,94.1,188.3,1979.4,727.3,1129.7,122.4,454.72
Florida,Pensacola,"52,909",894.0,13.2,56.7,168.2,655.8,5730.6,1343.8,4160.0,226.8,1302.1299999999999
New Jersey,Perth Amboy,"51,345",453.8,1.9,17.5,185.0,249.3,2376.1,745.9,1384.8,245.4,533.635
California,Petaluma,"58,995",283.1,1.7,42.4,49.2,189.8,1393.3,252.6,1054.3,86.4,316.215
Texas,Pflugerville,"49,483",123.3,2.0,18.2,12.1,90.9,1620.8,282.9,1287.3,50.5,347.67499999999995
Arkansas,Pine Bluff,"48,522",1288.1,28.9,65.9,278.2,915.0,6825.8,2316.5,4138.3,371.0,1601.3300000000002
Florida,Pinellas Park,"49,821",457.6,10.0,26.1,96.3,325.2,5509.7,945.4,4311.4,252.9,1173.795
New Jersey,Piscataway Township,"56,593",113.1,0.0,1.8,37.1,74.2,929.4,235.0,646.7,47.7,205.495
Massachusetts,Pittsfield,"44,868",425.7,0.0,75.8,84.7,265.2,2598.7,829.1,1673.8,95.8,602.655
California,Placentia,"51,778",206.7,1.9,7.7,56.0,141.0,1749.8,353.4,1210.9,185.4,367.605
New Jersey,Plainfield,"50,332",711.3,11.9,27.8,327.8,343.7,2870.9,1045.1,1625.2,200.7,685.2499999999999
Idaho,Pocatello,"55,182",255.5,1.8,18.1,39.9,195.7,2721.9,474.8,2160.1,87.0,590.495
Texas,Port Arthur,"54,745",628.4,7.3,34.7,221.0,365.3,4394.9,1560.0,2608.5,226.5,1004.4850000000001
Florida,Port Orange,"57,300",108.2,3.5,1.7,20.9,82.0,2493.9,525.3,1856.9,111.7,523.3750000000001
Michigan,Portage,"46,658",162.9,0.0,49.3,32.1,81.4,3521.4,394.4,3039.1,87.9,731.165
California,Porterville,"55,533",360.1,5.4,18.0,113.4,223.3,3253.9,1071.4,1825.9,356.5,698.3000000000002
New York,Poughkeepsie Town,"42,698",126.5,0.0,4.7,60.9,60.9,3248.4,199.1,3023.6,25.8,671.48
California,Poway,"48,968",192.0,0.0,12.3,55.1,124.6,1141.6,279.8,794.4,67.4,257.63
Arizona,Prescott,"40,420",415.6,4.9,34.6,47.0,329.0,2731.3,487.4,2184.6,59.4,619.985
Illinois,Quincy,"40,684",462.1,0.0,63.9,39.3,358.9,3205.2,550.6,2590.7,63.9,723.14
California,Rancho Palos Verdes,"42,335",82.7,0.0,2.4,14.2,66.1,1176.3,394.5,722.8,59.1,257.715
California,Rancho Santa Margarita,"49,038",55.1,0.0,4.1,20.4,30.6,650.5,140.7,489.4,20.4,141.115
Washington,Redmond,"55,770",64.6,0.0,14.3,19.7,30.5,2137.3,308.4,1741.1,87.9,437.69
Massachusetts,Revere,"52,926",508.3,1.9,22.7,136.0,347.7,2352.3,434.6,1594.7,323.1,512.0550000000001
Washington,Richland,"50,057",163.8,0.0,40.0,22.0,101.9,2537.1,373.6,2035.7,127.9,528.4200000000001
California,Rocklin,"58,865",83.2,0.0,8.5,27.2,47.6,1557.8,412.8,1039.7,105.3,327.115
North Carolina,Rocky Mount,"58,002",1291.3,13.8,22.4,220.7,1034.4,5832.6,1803.4,3779.2,250.0,1400.73
Arkansas,Rogers,"57,757",349.7,0.0,74.4,19.0,256.2,3620.3,626.8,2900.1,93.5,789.165
California,Rohnert Park,"41,716",460.3,2.4,26.4,50.3,381.1,1845.8,268.5,1435.9,141.4,426.57
California,Rosemead,"54,656",261.6,0.0,7.3,98.8,155.5,1670.4,336.7,934.9,398.9,325.035
Michigan,Roseville,"47,400",478.9,0.0,67.5,124.5,286.9,4082.3,592.8,3061.2,428.3,844.0899999999999
New Mexico,Roswell,"48,623",629.3,16.5,57.6,86.4,468.9,5378.1,1135.3,4088.6,154.2,1196.4650000000001
Texas,Rowlett,"58,324",121.7,0.0,29.1,15.4,77.2,1726.6,378.9,1272.2,75.4,368.96500000000003
Michigan,Royal Oak,"57,649",124.9,0.0,15.6,20.8,88.5,1748.5,310.5,1287.1,150.9,359.50500000000005
Michigan,Saginaw Township,"40,642",209.1,2.5,14.8,81.2,110.7,2017.6,292.8,1668.2,56.6,436.25000000000006
Michigan,Saginaw,"51,267",2362.1,52.7,126.8,325.7,1856.9,3442.8,2032.5,1205.5,204.8,1091.155
Massachusetts,Salem,"42,025",378.3,0.0,16.7,40.5,321.2,2272.5,352.2,1794.2,126.1,507.095
Kansas,Salina,"48,155",334.3,2.1,39.5,47.8,245.0,4886.3,924.1,3740.0,222.2,1035.9299999999998
Washington,Sammamish,"47,158",33.9,0.0,14.8,2.1,17.0,727.3,231.1,468.6,27.6,157.115
California,San Bruno,"42,002",202.4,0.0,26.2,69.0,107.1,2288.0,304.7,1642.8,340.5,447.34499999999997
California,San Gabriel,"40,376",218.0,0.0,7.4,84.2,126.3,1362.2,354.2,856.9,151.1,295.59
California,San Jacinto,"45,637",300.2,6.6,11.0,111.8,170.9,3240.8,922.5,1891.0,427.3,669.095
California,San Luis Obispo,"45,947",259.0,2.2,43.5,41.4,171.9,4289.7,901.0,3212.4,176.3,911.1500000000001
Texas,San Marcos,"47,384",346.1,2.1,57.0,59.1,227.9,3285.9,533.9,2526.2,225.8,696.115
California,San Rafael,"58,854",324.5,0.0,23.8,142.7,158.0,3032.9,611.7,1923.4,497.8,602.845
Florida,Sanford,"54,662",590.9,5.5,38.4,303.7,243.3,5422.4,1503.8,3633.2,285.4,1188.3899999999999
California,Santee,"54,700",281.5,3.7,16.5,54.8,206.6,2027.4,334.6,1451.6,241.3,424.71
Florida,Sarasota,"53,055",801.1,7.5,47.1,256.3,490.1,5460.4,1328.8,3945.0,186.6,1235.51
New Jersey,Sayreville,"43,151",88.1,2.3,2.3,27.8,55.6,1341.8,296.6,980.3,64.9,285.15
Wisconsin,Sheboygan,"49,261",345.1,8.1,38.6,42.6,255.8,3079.5,531.9,2460.4,87.3,677.125
Connecticut,Shelton,"40,062",54.9,0.0,17.5,30.0,7.5,1078.3,334.5,661.5,82.4,225.92000000000002
Washington,Shoreline,"54,574",181.4,5.5,42.1,75.1,58.6,3030.7,809.9,2021.1,199.7,638.015
Arizona,Sierra Vista,"46,612",278.9,0.0,51.5,60.1,167.3,3306.0,527.8,2610.9,167.3,698.75
Georgia,Smyrna,"52,537",306.5,5.7,22.8,129.4,148.5,2649.6,696.7,1709.3,243.6,566.5649999999999
Tennessee,Smyrna,"41,284",256.8,4.8,29.1,50.9,172.0,2390.8,327.0,1942.6,121.1,510.84499999999997
New Jersey,South Brunswick Township,"43,875",77.5,0.0,4.6,16.0,57.0,1180.6,246.2,847.9,86.6,246.07000000000002
Utah,South Jordan,"52,071",44.2,0.0,7.7,19.2,17.3,1976.1,332.2,1530.6,113.3,400.12
New York,Southampton Town,"50,256",127.3,0.0,6.0,29.8,91.5,1999.8,435.8,1440.6,123.4,420.545
Mississippi,Southaven,"49,938",292.4,0.0,48.1,44.1,200.2,2653.3,378.5,2158.7,116.1,571.42
Connecticut,Southington,"43,219",64.8,2.3,11.6,25.5,25.5,1737.7,300.8,1353.6,83.3,357.965
Michigan,St. Clair Shores,"59,841",252.3,0.0,33.4,21.7,197.2,1980.2,469.6,1361.9,148.7,432.30500000000006
Minnesota,St. Louis Park,"46,176",223.05,0.0,19.05,34.7,32.5,3226.8,534.9,2581.4,110.4,665.7750000000001
Missouri,St. Peters,"53,364",223.0,0.0,11.2,26.2,185.5,2602.9,213.6,2340.5,48.7,555.5
Pennsylvania,State College,"57,020",92.9,1.8,19.3,21.0,50.9,1380.2,201.7,1154.0,24.6,294.39000000000004
Oklahoma,Stillwater,"46,331",261.2,2.2,51.8,45.3,161.9,3175.0,561.2,2490.8,123.0,678.9350000000001
Connecticut,Stratford,"52,041",199.8,0.0,28.8,53.8,117.2,2715.2,470.8,2056.1,188.3,564.175
Illinois,Streamwood,"40,050",84.9,0.0,15.0,27.5,42.4,1755.3,307.1,1418.2,30.0,372.52500000000003
Ohio,Strongsville,"44,397",29.3,0.0,13.5,11.3,4.5,1792.9,186.9,1576.7,29.3,366.685
South Carolina,Summerville,"45,209",183.6,4.4,4.4,70.8,104.0,2917.6,424.7,2260.6,232.3,593.69
South Carolina,Sumter,"40,911",985.1,17.1,19.6,158.9,789.5,5248.0,1464.2,3444.1,339.8,1210.7
Massachusetts,Taunton,"56,438",474.9,0.0,31.9,109.9,333.1,1507.8,673.3,774.3,60.2,390.34000000000003
New Jersey,Teaneck Township,"40,230",139.2,0.0,0.0,72.1,67.1,1456.6,298.3,1098.7,59.7,314.57500000000005
Texas,Texas City,"46,448",318.6,4.3,23.7,109.8,180.8,3660.0,764.3,2751.5,144.2,789.7
Oregon,Tigard,"49,359",135.7,2.0,18.2,72.9,42.5,3478.6,441.7,2933.6,103.3,718.095
Illinois,Tinley Park,"56,992",75.4,1.8,10.5,19.3,43.9,1472.1,189.5,1245.8,36.8,308.21
Florida,Titusville,"44,374",662.6,9.0,58.6,173.5,421.4,3977.6,1169.6,2255.8,552.1,858.9350000000001
New York,Tonawanda Town,"58,393",202.1,1.7,20.6,54.8,125.0,1834.1,339.1,1452.2,42.8,403.9
New York,Troy,"50,391",664.8,13.9,29.8,220.3,400.9,4707.2,1176.8,3328.0,202.4,1057.1499999999999
Idaho,Twin Falls,"44,866",376.7,0.0,44.6,37.9,294.2,2817.3,461.4,2231.1,124.8,620.19
Ohio,"Union Township, Clermont County","46,833",76.9,2.1,19.2,36.3,19.2,3529.6,493.2,2961.6,74.7,728.1
New Jersey,Union Township,"57,234",138.0,0.0,8.7,76.9,52.4,1864.3,298.8,1341.9,223.6,370.68000000000006
Illinois,Urbana,"41,537",356.3,0.0,48.1,163.7,144.4,3474.0,1001.5,2344.9,127.6,768.575
Iowa,Urbandale,"40,467",140.9,0.0,7.4,4.9,128.5,1700.2,264.4,1354.2,81.5,361.52000000000004
Georgia,Valdosta,"56,617",438.0,5.3,67.1,155.4,210.2,4104.8,1156.9,2811.9,136.0,912.98
Connecticut,Wallingford,"45,183",33.2,0.0,4.4,22.1,6.6,2022.9,356.3,1611.2,55.3,417.72
Ohio,Warren,"41,355",674.6,9.7,38.7,246.6,379.6,4860.4,1963.5,2626.0,270.8,1116.54
New Jersey,"Washington Township, Gloucester County","48,940",136.9,0.0,6.1,59.3,71.5,2327.3,363.7,1879.9,83.8,488.36
California,Watsonville,"52,064",484.0,3.8,28.8,167.1,284.3,3044.3,509.0,1966.8,568.5,611.8399999999999
Wisconsin,Wauwatosa,"46,748",166.9,2.1,0.0,119.8,44.9,4120.0,569.0,3471.8,79.1,859.5950000000001
New Jersey,Wayne Township,"55,071",72.6,0.0,0.0,23.6,49.0,2228.0,343.2,1803.1,81.7,460.215
New York,Webster Town and Village,"42,936",60.6,0.0,4.7,18.6,37.3,1080.7,202.6,836.1,41.9,227.89000000000001
Florida,Wellington,"57,943",248.5,0.0,17.3,48.3,182.9,2493.8,403.8,1905.3,184.7,525.24
Ohio,West Chester Township,"58,897",91.7,0.0,47.5,20.4,23.8,2234.4,365.0,1830.3,39.1,469.625
Iowa,West Des Moines,"58,134",163.4,0.0,27.5,13.8,122.1,3139.3,366.4,2686.9,86.0,655.7249999999999
Connecticut,West Haven,"55,626",573.5,1.8,1.8,104.3,465.6,2601.3,354.2,1934.3,312.8,571.77
New Jersey,West New York,"50,507",388.1,0.0,15.8,184.1,188.1,1451.3,386.1,964.2,101.0,342.62000000000006
New Jersey,West Orange,"46,505",146.2,4.3,0.0,66.7,75.3,1406.3,318.2,937.5,150.5,293.18499999999995
California,West Sacramento,"49,500",383.8,0.0,52.5,147.5,183.8,2945.5,765.7,1844.4,335.4,624.645
New York,West Seneca Town,"44,902",115.8,0.0,4.5,29.0,82.4,1875.2,331.8,1476.5,66.8,397.3
Massachusetts,Westfield,"41,485",183.2,0.0,19.3,33.7,130.2,1856.1,484.5,1328.2,43.4,413.76500000000004
Massachusetts,Weymouth,"54,597",344.3,0.0,16.5,76.9,250.9,1474.4,384.6,1009.2,80.6,348.995
Illinois,Wheaton,"53,263",22.5,1.9,1.9,5.6,13.1,1088.9,180.2,889.9,18.8,226.97000000000003
New York,White Plains,"57,567",159.8,1.7,5.2,53.9,99.0,2407.6,142.4,2221.8,43.4,503.1450000000001
Pennsylvania,Wilkes-Barre,"41,532",414.1,7.2,72.2,183.0,151.7,2992.9,652.5,2092.4,248.0,643.36
North Carolina,Wilson,"49,785",526.3,10.0,6.0,138.6,371.6,4662.0,1337.8,3099.3,225.0,1037.2600000000002
California,Woodland,"56,323",314.3,0.0,17.8,83.4,213.1,3080.4,640.9,2080.9,358.6,636.42
Rhode Island,Woonsocket,"41,147",534.7,0.0,55.9,143.4,335.4,3059.8,840.9,2041.5,177.4,697.635
Texas,Wylie,"43,645",64.2,4.6,2.3,6.9,50.4,1404.5,229.1,1111.2,64.2,291.895
Pennsylvania,York,"43,955",1335.5,25.0,100.1,430.0,780.3,3599.1,985.1,2388.8,225.2,909.1
California,Yucaipa,"52,622",226.1,0.0,9.5,66.5,150.1,1793.9,515.0,1062.3,216.6,382.15500000000003
